page_number,sentence_chunk,chunk_token_count,embedding
1,"February 20, 2025 Dear Hiring Team, I am writing to apply for the Research Engineer / Research Scientist (Multimodal) role at Anthropic. With a background in multimodal AI, large language models, and information retrieval, I am excited about the opportunity to contribute to Anthropicâ€™s mission of developing safe, interpretable, and scalable AI systems. I recently completed my MSc in Human-Computer Interaction from the University of Birmingham, where my research focused on GraphMinds, a project integrating large language models with structured and multimodal data such as text, images, and graphs to improve retrieval-augmented generation and explainability. My academic and professional work has been centered around building scalable AI architectures, fine-tuning language models, and optimizing knowledge retrieval. As a Research Associate at the University of Birmingham, I worked on agentic machine learning pipelines that enabled language models to reason with complex data structures, including text, diagrams, and knowledge graphs, leading to improvements in retrieval accuracy. I also optimized large-scale data processing using Ray, Dask, and GPU acceleration to ensure efficient multimodal analysis. During my tenure as an AI Intern at Our Time HQ, I fine-tuned transformer-based natural language processing models, built ETL pipelines, and conducted human-in-the-loop evaluations to refine AI-driven responses. At MICxN Lab, my work in reinforcement learning for sequential decision-making involved handling multimodal datasets such as GPS tracking and traffic simulations, strengthening my ability to work across different data modalities. Beyond research, I have practical experience in language model fine-tuning, retrieval architectures, AI safety techniques, and high-performance computing, all of which are critical to developing robust and scalable AI systems. What excites me most about Anthropic is your commitment to AI safety, multimodal research, and large-scale empirical AI development.",504,"[ 7.18000755e-02  7.19038993e-02 -3.44067141e-02 -1.39871826e-02
 -1.29382666e-02  5.27079543e-03 -1.17875980e-02 -2.44422313e-02
  2.90386635e-03 -6.93198144e-02  2.50205006e-02 -6.98412070e-03
 -4.93967673e-03  6.75834417e-02  4.26012315e-02 -4.40069176e-02
  2.29469519e-02 -2.34436896e-02  3.41634117e-02  8.40019807e-03
 -1.94828231e-02  4.52353898e-03 -7.20645860e-03  5.75288013e-02
 -4.43035997e-02 -4.06294018e-02 -1.21025797e-02  5.49785793e-02
  1.11037344e-02 -2.96959039e-02 -2.66469866e-02 -1.19472137e-02
  2.72730086e-02  6.35981234e-03  2.76074638e-06 -6.50915131e-02
 -1.68852564e-02  1.35669261e-02 -6.78065000e-03 -7.48330206e-02
  7.30738193e-02  4.93993424e-03 -1.07240416e-02 -2.34881067e-03
 -3.14546414e-02 -2.82607004e-02  1.09013416e-01 -1.34293064e-02
  3.18878777e-02  5.26810437e-02 -6.18908135e-03  9.37511027e-03
  5.70704117e-02  1.24801369e-02 -7.96409231e-03 -8.62366613e-03
 -6.98801875e-03 -4.20779623e-02  3.71617600e-02  1.38312988e-02
 -1.75293367e-02  5.63825704e-02 -1.17833586e-02 -2.31606271e-02
  7.92084113e-02  4.16704454e-02 -9.46998969e-03 -5.95795549e-02
 -3.28693390e-02  1.81940682e-02  4.50464189e-02 -4.07011248e-03
 -7.62912864e-03  3.22969332e-02 -5.63101517e-03  3.42084020e-02
 -3.51321250e-02  1.52986813e-02 -1.76825412e-02 -2.77045406e-02
 -5.57173826e-02 -2.79294443e-03  1.08234249e-02  2.54539661e-02
 -3.02804988e-02  8.83225575e-02  2.87010404e-03 -1.81720927e-02
  3.37877870e-02 -1.43527912e-04  1.01553082e-01 -2.87986025e-02
  7.22935097e-03  2.46284064e-02 -4.61857207e-02 -4.45893826e-03
  2.91428119e-02 -2.55726483e-02  1.04309795e-02 -2.64160279e-02
  3.49644236e-02  4.41508777e-02 -9.83957108e-03  2.30521206e-02
  2.18494330e-02  4.15824428e-02 -7.70159531e-03  3.04325372e-02
 -3.41303609e-02 -3.09121180e-02 -6.17131069e-02 -1.62500236e-02
 -3.15188430e-02  2.44140159e-02  7.25956727e-03 -1.22352398e-03
 -9.24110506e-03  4.16025445e-02 -3.60172056e-03 -3.41787674e-02
 -2.62317359e-02  3.48805152e-02 -5.10971881e-02  2.36702315e-03
 -2.25335788e-02  8.72579031e-03 -3.23189795e-02 -6.51522772e-04
  4.47146222e-02 -7.52868801e-02  7.51650101e-03  2.80966405e-02
  1.58888139e-02 -3.90182361e-02  9.70233511e-03  1.26084968e-01
  1.58351697e-02 -1.18842255e-02 -1.86490477e-03 -3.05384248e-02
 -2.29105563e-03 -4.24652621e-02  3.38750184e-02 -6.06678752e-03
  4.39769439e-02  1.27944406e-02 -1.42219791e-03 -2.68462431e-02
  3.75543023e-03  1.77320419e-03 -1.56068495e-02  4.44937050e-02
 -2.33095605e-02 -3.25453468e-03  2.64827944e-02  6.91166567e-03
 -1.00152977e-02  4.58187275e-02  4.11655493e-02  7.11622015e-02
  6.66052252e-02 -1.08830631e-02 -1.34483967e-02 -2.56044185e-03
 -4.28868979e-02  7.04304734e-03  5.20124249e-02  2.99123470e-02
 -5.81211261e-02  5.69952056e-02  2.97807511e-02  4.38958630e-02
 -1.61974318e-02  1.94646884e-02  5.67582920e-02  6.00657128e-02
 -1.51143922e-03  2.21855342e-02  6.27614334e-02  6.37955312e-03
 -3.24754231e-02 -7.45773017e-02 -3.93841863e-02  3.98558229e-02
 -1.39608877e-02  4.16807877e-03  3.18699959e-03  6.03254884e-02
 -9.30141937e-03 -2.17611641e-02 -4.26249625e-03  3.10344505e-03
  4.13363427e-02  1.31842587e-02  1.97338592e-02 -1.75364409e-02
 -5.92833646e-02 -4.91360240e-02 -2.46676244e-02 -5.68014830e-02
 -4.77808788e-02 -5.30890003e-02 -6.71612248e-02  6.71086386e-02
  3.29402685e-02 -2.07958333e-02 -2.38494985e-02 -4.24614698e-02
  9.32007190e-03  5.24466932e-02  6.55349642e-02  5.68674179e-03
 -9.41828592e-04 -9.79721360e-03 -3.42850760e-02 -1.05088660e-02
 -9.61093325e-03  3.94163933e-03 -7.22392881e-03  5.77513874e-02
 -6.14717277e-03 -1.61409320e-03 -3.49669009e-02  1.25513924e-02
  7.56092742e-03 -1.06993131e-02  8.31747428e-03  9.20872390e-03
  2.20830441e-02  3.57874483e-02 -1.79480445e-02  2.83450540e-02
  3.61365899e-02 -2.73243873e-03 -7.22564408e-04  2.89057381e-02
  2.82575265e-02  6.18410185e-02  2.84926277e-02 -9.83000323e-02
  9.18437843e-04  5.51436804e-02  1.52432201e-02 -1.32686347e-02
  1.24707876e-03 -6.26522452e-02  3.62356715e-02 -1.97778791e-02
  1.43246735e-02 -3.39849740e-02  1.90493464e-02 -2.07403284e-02
  1.92732364e-02  2.42077876e-02 -6.30271286e-02 -2.11411454e-02
 -4.41039130e-02  1.86636802e-02 -5.89977875e-02 -3.36932251e-03
 -8.86238366e-03  9.29447648e-04  1.07421577e-02  4.32488881e-02
 -3.01635992e-02 -6.01449274e-02  3.99989560e-02 -6.94406405e-02
 -2.04155035e-02  1.62917096e-03 -2.65660323e-03 -3.61500457e-02
  6.86062558e-04  1.40773235e-02 -6.83307939e-04  4.41638678e-02
  2.97637172e-02  2.05959212e-02  8.62748548e-03  4.35057431e-02
  1.93988322e-04 -4.48201485e-02 -3.92042436e-02 -2.79758964e-02
 -3.71801741e-02  5.18201403e-02  8.97399187e-02 -6.25025332e-02
 -4.14614975e-02 -1.30985584e-02 -3.41275036e-02 -1.60880089e-02
 -9.04028304e-03 -6.18847348e-02  1.98509432e-02 -9.68672801e-03
 -4.05676626e-02  5.96208274e-02  7.73962261e-03  6.75310344e-02
  3.44274677e-02  1.54412063e-02  2.10857689e-02  4.50013392e-03
 -2.25629960e-03  3.43473479e-02 -6.78805169e-03  1.67842992e-02
 -1.07847489e-02 -1.72790978e-02 -1.77781563e-02 -2.00873856e-02
 -1.11269373e-02  1.61602907e-02  7.89510272e-03 -7.25986585e-02
 -5.18238321e-02 -5.49378991e-02  2.37876340e-03  5.13514839e-02
 -2.32258197e-02 -3.98743749e-02  7.40437806e-02 -1.36557193e-02
  5.40515292e-04 -5.26120141e-02 -4.05288711e-02 -3.64666630e-04
  6.04623668e-02 -1.40914498e-02  4.38451543e-02  6.28688559e-03
  3.05371266e-02 -2.84164101e-02  1.39273247e-02 -5.30657284e-02
 -1.12613440e-02 -1.75854303e-02 -3.24875303e-02  1.84370410e-02
  5.45903854e-03 -6.31126910e-02 -3.45134288e-02  2.22642478e-02
 -1.67077705e-02  1.17383273e-02  1.84063185e-02 -4.01955098e-02
 -1.02180511e-01 -1.88599748e-03  6.03043027e-02 -4.93101822e-03
 -9.91566852e-03 -5.54254465e-02 -2.62487843e-03 -3.03383972e-02
  5.62213510e-02  6.94744438e-02  2.10285522e-02 -1.96401551e-02
 -1.73611231e-02  3.55552174e-02  7.46043250e-02 -8.21527652e-03
 -3.25520448e-02  2.58428659e-02  4.68077622e-02 -4.34654877e-02
 -4.41673025e-02  4.36193682e-03  2.56016701e-02 -5.32185882e-02
 -2.40737945e-02  3.40921842e-02 -1.47006148e-02 -4.77766991e-02
  1.80324856e-02 -8.20368528e-03  1.42360646e-02  3.09868529e-03
  6.94506243e-02 -7.36608952e-02  1.38276964e-02 -1.80759802e-02
 -2.69900821e-03 -2.53489316e-02 -2.97684837e-02  6.10289676e-03
 -6.18549846e-02  6.22819364e-02 -3.44835408e-03 -4.52625901e-02
 -1.64553020e-02 -7.57845119e-02 -3.26916166e-02  1.99446380e-02
 -4.11123075e-02  1.39915117e-03 -2.58611422e-02  2.71716644e-03
  1.95228718e-02  2.41002403e-02 -3.09520364e-02  2.84163635e-02
 -3.61393616e-02  9.32422280e-03  7.62532726e-02  3.64371203e-02
 -4.27913219e-02 -5.12663350e-02 -2.18278710e-02  3.67596708e-02
  6.01442419e-02  2.19947807e-02  1.54644111e-02 -5.51693253e-02
 -9.98313189e-04 -4.26084809e-02  1.06373755e-02 -5.10513559e-02
  1.10939695e-02 -7.94345979e-03  1.08860396e-01 -6.77070841e-02
  3.83500941e-02 -7.57408068e-02  1.03482716e-02  9.62690450e-03
  3.07906289e-02 -2.28077695e-02 -6.13844432e-02 -3.44401598e-02
 -1.74183697e-02  6.88410923e-02 -7.47699440e-02 -4.00965847e-02
  3.07113789e-02 -1.93485469e-02 -2.48758234e-02 -4.66579273e-02
 -5.12364060e-02  8.92715645e-04  4.96157445e-02  2.74152625e-02
 -3.11299954e-02  4.88500157e-03  3.86383832e-02 -7.23947510e-02
  2.14955527e-02  2.29379777e-02  5.72408661e-02 -1.66500791e-03
 -1.34061342e-02  1.41676674e-02 -3.50276120e-02 -3.26789469e-02
 -2.68518049e-02  1.43406829e-02 -2.26108935e-02  3.11566740e-02
  6.21400997e-02  3.47204320e-02  3.78496735e-03  2.91094277e-02
 -7.60741755e-02  5.77149354e-03  2.51458921e-02 -2.33955085e-02
 -5.72324684e-03 -1.57303009e-02 -3.07390932e-02 -2.67511625e-02
 -7.43708946e-03 -3.02737411e-02  1.36038463e-03 -1.79438479e-02
  1.55887892e-02  3.18003632e-02 -7.99918100e-02 -1.68724749e-02
  5.73889464e-02  4.20084856e-02 -2.27124859e-02 -6.93482086e-02
  9.95606911e-07 -3.80551536e-03  9.88893025e-03  2.82721296e-02
 -4.49007079e-02 -3.81770288e-03 -6.30741566e-03  2.66955758e-04
  4.10499051e-02 -4.87553328e-02 -1.82635933e-02 -1.98032837e-02
 -1.15911141e-02  9.43206474e-02 -1.24676963e-02  1.63714141e-02
 -2.06129737e-02  4.62769158e-03 -5.15285414e-03  1.23621970e-02
 -9.64922551e-03  3.05867046e-02 -2.67609302e-02  5.61271049e-02
  1.11406986e-02  3.90897691e-03 -2.68303379e-02  4.30468060e-02
 -7.60125071e-02 -6.37335703e-02  3.22542922e-03  3.52332480e-02
 -7.06665637e-03  1.84414499e-02  2.45291647e-02 -3.74515094e-02
  1.28658786e-02 -1.45914722e-02 -3.32209235e-03  4.98785824e-02
 -1.48989288e-02  8.40884913e-03  3.14852148e-02  7.33287027e-03
 -1.86590794e-02  3.16785201e-02  8.61219503e-03  4.42443304e-02
 -5.82799278e-02 -2.10203212e-02 -9.31084994e-03 -3.55871841e-02
 -1.17582753e-02  5.74378222e-02  3.00484784e-02  1.08775124e-02
 -5.68960980e-02 -3.84643078e-02 -3.27292830e-03  1.53179895e-02
 -3.01206037e-02 -3.93495187e-02  6.65600924e-03  4.83077839e-02
  3.67869548e-02 -6.29969090e-02 -2.80436389e-02 -1.60556585e-02
 -4.16127108e-02  2.78100353e-02 -7.39446084e-04 -7.36397179e-33
  1.76907536e-02 -3.65923345e-02  3.30561437e-02 -2.18248218e-02
 -6.29630983e-02 -2.85912771e-02 -8.55669472e-03 -1.16859647e-02
 -5.20288274e-02  6.82860753e-03 -3.09585817e-02 -5.19940397e-03
  1.05212526e-02  2.79566497e-02  2.55971849e-02  5.60320504e-02
  1.90841667e-02  2.31224243e-02 -1.21213263e-02  1.41010014e-02
  1.03976894e-02  2.45522596e-02  1.06327375e-02 -7.60007277e-02
  4.44558002e-02  5.86254336e-03  1.59107405e-03  2.63836402e-02
  1.77778248e-02  3.02747730e-02 -5.30797988e-03  4.29970734e-02
  9.15374607e-03 -4.50210758e-02  4.86830994e-03  9.62097384e-03
 -5.48572093e-02 -6.34212745e-03  2.87948828e-02  2.01723669e-02
 -3.71743850e-02 -6.15308248e-02  2.71729864e-02 -1.98115706e-02
 -3.18076089e-02 -3.24601382e-02  5.58737442e-02 -3.31721753e-02
 -9.87280626e-03 -2.66373809e-02 -7.75566101e-02  1.24727674e-02
 -5.10586947e-02  2.86869295e-02  1.24783488e-02  2.05474123e-02
  1.40770273e-02  3.49159390e-02 -7.38071054e-02  3.90717424e-02
 -4.31229286e-02 -3.26902643e-02  5.07163033e-02  2.60490421e-02
 -9.99063603e-04  8.18865970e-02  9.54677537e-02  2.41322331e-02
  2.11206693e-02 -7.48158572e-03  3.61929275e-03  8.52042511e-02
 -1.36060566e-02  5.97883649e-02 -2.71954611e-02 -3.06010880e-02
 -2.59402730e-02  5.02620600e-02  2.61356756e-02  1.98894460e-02
 -6.57006586e-03  4.91469866e-03 -3.91494073e-02 -1.08241513e-02
  2.75771488e-02  1.78710383e-03 -2.76283231e-02 -4.00314294e-02
  1.49943307e-02 -2.58481279e-02 -5.29050827e-02  9.14532766e-02
  8.12980253e-03 -5.08247763e-02  3.80227380e-02  6.66918000e-03
 -1.34682199e-02  2.05489267e-02 -6.45101536e-03  1.42338676e-02
  7.84347672e-03 -2.34240107e-03 -2.04145871e-02  4.94283587e-02
  5.89870177e-02  1.11174490e-02 -3.03864740e-02  4.07232642e-02
 -3.76941897e-02 -1.33935120e-02 -2.38590525e-03 -1.52145801e-02
  1.47531740e-02 -5.36139794e-02  7.95365218e-03  2.56626168e-03
  1.82501618e-02  1.03806164e-02  2.98225358e-02  3.65872234e-02
  1.62798222e-02  6.12595235e-04 -2.19442183e-03  9.55698360e-03
 -4.50023375e-02 -8.24419985e-05 -2.76714042e-02 -7.22174766e-03
  8.55357759e-03 -9.56230238e-02 -2.18641367e-02  4.01780708e-03
  3.47494279e-07  3.34337279e-02  5.26148677e-02  1.44139566e-02
 -2.01010741e-02  2.53983904e-02  2.46071890e-02 -2.11965609e-02
  2.28493335e-03  1.62993111e-02  6.56878762e-03  1.42318765e-02
  2.25403793e-02 -6.32054964e-03  2.11781748e-02 -2.19891313e-02
 -4.07296494e-02 -3.86679657e-02 -2.12865807e-02 -7.54290521e-02
  4.94856387e-02  4.18355390e-02  5.30432053e-02  1.18729183e-02
 -3.92561108e-02  2.37241131e-03 -3.63250189e-02  2.39768601e-03
 -1.58556942e-02  4.45271656e-02  4.34251390e-02  6.67175744e-03
  3.68619361e-03  1.21719390e-02  2.94610076e-02 -1.34317419e-02
 -3.03701218e-02  2.47731619e-02  7.43837282e-02 -4.65271659e-02
 -1.87851081e-04  7.50694722e-02  9.19887237e-03  2.34940685e-02
 -4.76571061e-02  6.26848489e-02  2.91332207e-03 -3.37504894e-02
 -9.04100295e-03 -4.44817059e-02  5.50786546e-03 -2.43854709e-02
 -9.93567705e-03 -2.34606229e-02  2.39771791e-02 -2.58696312e-03
 -3.53522711e-02 -2.63047349e-02 -5.20598628e-02  4.07444425e-02
  2.23042257e-02 -6.02437695e-03 -6.46181926e-02 -6.99212868e-03
 -1.98556911e-02  9.47075337e-02 -9.02333260e-02 -1.40579918e-03
  3.45165274e-34  4.04130369e-02  2.47510057e-02 -4.75042034e-03
  4.36236756e-03  5.35010584e-02 -3.77472192e-02  9.20990668e-03
 -1.81406066e-02  2.16116738e-02 -4.97781709e-02 -4.30951007e-02]"
1,"Your focus on trustworthy and steerable AI systems strongly aligns with my work and research interests. I would love the opportunity to be part of your team and contribute my expertise in multimodal learning, retrieval models, and AI robustness. Please find my CV attached for your review. I look forward to discussing further. Best regards, Tirth Kanani",88,"[ 3.79201099e-02  3.01809050e-02 -1.37336301e-02  1.89210884e-02
  9.27955564e-03 -1.86398495e-02 -9.28459782e-03 -3.60171571e-02
  8.81622545e-03 -5.05106263e-02 -2.63890661e-02 -2.95505319e-02
 -4.84043211e-02  6.77082688e-02  4.13090177e-02 -3.05525362e-02
  5.53991348e-02 -4.31605056e-02  1.93694830e-02 -2.70106771e-04
  3.50033566e-02 -1.74205308e-03 -4.66873460e-02  2.33580861e-02
 -6.55872896e-02 -4.71652821e-02  2.16383440e-03  3.29816155e-02
  4.69931439e-02  2.91158096e-03 -2.09835060e-02 -3.28002907e-02
  1.91868178e-03  1.89349987e-02  2.34440563e-06 -3.47395167e-02
 -4.51503024e-02 -4.40149161e-04  2.86402330e-02 -6.61996603e-02
  1.83567032e-02  1.43490953e-03 -1.94339342e-02 -1.58687551e-02
 -2.12217495e-02  3.52509879e-02  6.36626631e-02 -1.04948562e-02
  3.74243855e-02  4.76490892e-02 -9.70650464e-03  3.65191549e-02
  4.38493676e-02 -9.46792401e-03 -2.27041990e-02 -4.98852804e-02
 -3.45085561e-02 -2.62944773e-02  1.28055522e-02 -1.10962084e-02
 -4.84992750e-03  2.45996751e-02 -1.03885289e-02 -5.48074730e-02
  6.52938709e-02  6.05874360e-02  5.76082338e-03 -5.80687933e-02
 -2.60124486e-02  1.11257443e-02  5.01299612e-02  1.63797345e-02
 -2.41373740e-02  2.45545879e-02 -8.40803981e-03  4.26578335e-02
 -3.25036086e-02  5.56742214e-02 -4.11724150e-02 -1.43744396e-02
 -5.71938343e-02  2.50290185e-02 -3.47017236e-02 -2.96161640e-02
  6.31845417e-03 -1.35429846e-02  3.00588589e-02 -8.43639486e-03
  5.81133924e-03  1.55628528e-02  8.38161334e-02 -1.88001506e-02
 -1.98722165e-02  2.07132217e-03 -4.51737083e-02 -2.98392754e-02
 -3.69835123e-02  4.05912346e-04  1.00381197e-02  3.34242429e-03
  3.29761505e-02 -1.25221750e-02 -3.57116461e-02  4.69731502e-02
  1.75048150e-02  3.46203037e-02 -4.11136374e-02  6.28771633e-02
 -1.95871051e-02 -2.99201757e-02 -4.80186231e-02  1.10596409e-02
 -2.91413907e-02  3.45906951e-02  1.74698571e-03  5.62223792e-03
 -3.95525917e-02  3.37658040e-02  1.30137580e-03  3.05330986e-03
  1.82172284e-02  3.70756947e-02  1.90301109e-02  3.79290506e-02
 -5.63308783e-02 -3.81706282e-02 -1.46819707e-02  5.45495842e-03
 -3.64609598e-03 -3.87713909e-02  2.05596024e-03  8.69275257e-02
 -3.89321558e-02 -9.71113592e-02  1.83069445e-02  6.79964349e-02
 -2.17798017e-02 -3.79038155e-02  5.91767114e-03 -1.74908098e-02
 -5.07764798e-03 -2.18776464e-02  1.00017553e-02 -8.17073137e-03
  3.03747095e-02 -2.19450798e-02  6.88257581e-03  2.06442224e-03
 -5.46362484e-03  2.73890197e-02  8.14971235e-03  2.81254146e-02
 -1.51099684e-02 -3.70667130e-03 -2.62407400e-02  4.80302796e-03
 -9.30516142e-03 -2.52744202e-02 -1.62508562e-02  1.00466348e-01
  7.50452876e-02  3.42004821e-02  3.17393392e-02  7.21388357e-03
 -6.03885055e-02  1.34136025e-02  4.32091877e-02  5.20218052e-02
 -2.85969805e-02 -3.00451517e-02  4.47714590e-02  4.60472666e-02
 -9.23125912e-03 -4.28715833e-02  9.70447809e-02  1.38858035e-02
 -5.53361280e-03 -1.41366469e-02  2.47399863e-02 -2.08970737e-02
 -1.26531720e-02 -1.16759636e-01 -1.71014871e-02  8.26100782e-02
 -1.01944208e-02 -1.88753642e-02 -2.99840365e-02  7.20463246e-02
  4.54243593e-04  2.09215563e-02  7.10872875e-04 -2.13653576e-02
  1.04574412e-02  4.69551161e-02  2.02213321e-02 -1.25746476e-02
 -4.18343991e-02 -1.14174873e-01 -2.62019709e-02 -6.72424138e-02
 -3.36228572e-02 -4.05961722e-02  3.85347148e-03 -3.86282313e-03
  3.78220342e-02  6.45616278e-03  1.94990244e-02 -3.39765735e-02
  3.33294109e-03 -1.05653587e-03  7.67451301e-02  9.81835648e-03
 -4.79722861e-03  1.09271575e-02 -3.35485004e-02 -1.96033996e-02
 -2.36757994e-02  1.35534527e-02  2.98988540e-03  6.38070852e-02
 -1.06126666e-02  1.35677727e-02  1.30231977e-02  1.11305276e-02
  7.84729645e-02  8.57738592e-03  2.38428488e-02  3.62925529e-02
  1.91324279e-02  6.18244410e-02 -3.49951424e-02  2.29616147e-02
  5.42824417e-02 -1.77193359e-02  1.04500279e-02  3.66953686e-02
  6.09543882e-02  5.81573397e-02 -1.79941058e-02 -5.76904751e-02
 -2.95472052e-02  1.19223101e-02  1.03058545e-02  2.73408052e-02
  7.14167487e-03 -1.85441375e-02 -6.79298267e-02 -3.42548974e-02
 -3.38875921e-03  3.49434540e-02  3.06708552e-02  1.68650933e-02
  3.23693790e-02  3.59543785e-02 -8.98861587e-02 -1.91244390e-02
 -5.57899177e-02  2.54757591e-02 -1.16700813e-01 -2.09318362e-02
 -1.20488768e-02 -4.54753311e-03 -6.61318423e-03  2.67153885e-02
 -1.99910328e-02 -1.10143286e-04  3.21977958e-02 -4.79328856e-02
 -2.79584341e-02 -1.99123900e-02  8.88978876e-03 -4.75921258e-02
 -2.11557504e-02  1.98967233e-02  6.44193916e-03  3.53707187e-03
  3.85613777e-02  4.65593040e-02 -2.24419050e-02  4.35876921e-02
  5.69173275e-03 -2.79110912e-02 -2.32354477e-02  2.35588793e-02
  1.41206197e-03  1.59948859e-02  6.67176768e-02 -5.12370765e-02
 -3.13624479e-02 -2.45430488e-02 -9.06363968e-03  3.57169248e-02
  1.58300288e-02 -5.34525178e-02 -1.39425816e-02 -2.44622249e-02
 -7.21940622e-02  4.81721014e-02 -1.17524145e-02  4.63705100e-02
  2.85726432e-02  1.00231478e-02  7.49416947e-02 -5.31017547e-03
  3.81591879e-02  4.89734532e-03  1.56895425e-02  7.35347942e-02
  2.63449196e-02 -4.23362441e-02  4.60425429e-02 -2.78628133e-02
 -3.42660001e-03  1.00510847e-02  4.55777496e-02 -2.30934676e-02
  2.39390554e-03 -6.32054582e-02  1.25169531e-02  5.49782515e-02
 -5.90196960e-02 -3.60163711e-02  8.11399519e-02 -4.32678610e-02
 -1.82935111e-02  9.16629098e-03 -7.79141784e-02 -1.24840988e-02
  3.68106365e-02 -3.96772735e-02  3.29057984e-02  1.73000861e-02
  5.36171421e-02 -3.21011357e-02 -3.70987430e-02 -1.82147603e-02
 -7.21882854e-04 -2.67317593e-02 -1.97964087e-02  3.00129373e-02
 -1.87417921e-02 -2.71533132e-02 -5.89621589e-02  1.07045779e-02
 -1.55113898e-02 -8.72635003e-03  2.55960040e-02 -1.31326681e-02
 -8.04727972e-02  9.22741834e-03  3.69592942e-02  1.02681955e-02
  4.77981800e-03 -1.90957319e-02 -2.53896713e-02 -2.27967370e-02
  3.48083824e-02 -7.65487924e-03 -2.81977467e-02 -4.01704982e-02
 -9.39344149e-03  6.58643842e-02  3.72999050e-02  4.60367277e-02
 -3.63195054e-02 -5.25866961e-03  2.80541424e-02  7.33019551e-03
 -1.66163091e-02 -3.22903357e-02  2.67409608e-02  3.07256938e-03
 -2.69964822e-02 -8.31479579e-03 -1.80898551e-02 -7.66401291e-02
 -8.82811844e-03  4.09749411e-02 -3.35097648e-02  4.01774142e-03
  4.59319316e-02 -3.22969481e-02  8.65395833e-03 -2.90593859e-02
  2.25510746e-02 -9.17664263e-03 -1.65281743e-02 -5.39056351e-03
 -2.76114214e-02  4.97538522e-02 -1.54959448e-02 -3.16675864e-02
 -5.96094988e-02 -7.19505921e-02 -4.02280986e-02 -1.72443464e-02
 -4.39745449e-02  5.33381943e-03 -7.98977446e-03  2.07245685e-02
 -1.19109806e-02  8.61035287e-02 -1.68996456e-03  3.10492720e-02
 -5.34364581e-02 -1.96267222e-03  8.51281136e-02  3.44070159e-02
 -2.82657668e-02 -3.68992798e-02 -3.61183882e-02  6.49010763e-04
  6.74589053e-02  9.04055238e-02  1.01852743e-02 -7.98721388e-02
 -2.15774635e-03  5.62013872e-03  2.73680147e-02 -2.78638266e-02
  1.62917022e-02  3.21758278e-02  6.09157234e-02 -5.07830679e-02
  3.32008116e-02 -5.03715165e-02 -5.99445368e-04  3.15976106e-02
  3.39847654e-02 -4.18712050e-02 -6.37241453e-02  4.64759842e-02
  4.04054448e-02  2.56868340e-02  6.02409523e-03 -9.68472194e-03
  4.27765027e-02 -1.43347336e-02 -1.62164979e-02 -1.06722690e-01
 -1.99500564e-02 -4.36869860e-02  7.59392455e-02  2.70504523e-02
 -1.50399655e-02 -3.18202563e-02  3.28532606e-02 -4.80566028e-04
 -1.40590463e-02 -8.19380512e-04  7.52170086e-02 -4.02506180e-02
  2.16529537e-02 -1.51287103e-02 -5.02490178e-02 -4.77830805e-02
  1.45750795e-03 -1.06525039e-02  3.64293996e-03 -4.35509086e-02
  9.07021612e-02  2.54404526e-02 -9.60392226e-03  8.03906098e-03
 -2.38286033e-02  1.61202718e-02 -6.96640089e-03  7.55713787e-03
 -1.52175361e-03 -4.86275591e-02 -1.44579289e-02 -3.33421677e-02
 -5.52891865e-02 -5.35099171e-02  7.57798040e-03  5.09995548e-03
 -3.76332849e-02  5.24847656e-02 -3.42291482e-02 -1.35288360e-02
  4.55866493e-02  6.28150254e-02 -7.19441706e-03  1.08682374e-02
  1.30887423e-02  4.49391082e-02  5.24746906e-03  1.71186496e-02
 -6.14512712e-02 -2.23154179e-03  2.32671592e-02 -5.02662025e-02
  2.54891440e-02 -4.38081548e-02 -2.25655027e-02  1.94187593e-02
 -1.30736399e-02  7.11607039e-02  4.24921978e-03  4.17983681e-02
 -5.65188080e-02  7.50530651e-03  2.31374018e-02  6.80027679e-02
 -3.95724885e-02 -1.69943436e-03 -4.45647202e-02  1.34217022e-02
 -1.84322204e-02 -8.73323157e-03  3.30463611e-03  2.27490701e-02
 -6.94585368e-02 -4.69677597e-02  5.38524538e-02  5.57835847e-02
  2.19813623e-02  6.71989564e-03  3.57264876e-02 -4.33543548e-02
  5.15076518e-02 -4.88246866e-02  4.21888009e-03  5.40294498e-02
 -3.42485532e-02 -5.04217995e-03  2.87915412e-02  2.29064990e-02
  1.17274420e-02  2.83701140e-02 -5.96514083e-02  8.70937109e-03
 -6.15694523e-02 -4.35126200e-02 -3.50809060e-02 -5.19912504e-03
  1.84213817e-02  3.92125770e-02 -5.24635194e-03  3.29458304e-02
  2.02033622e-03 -8.65116343e-03  4.86614816e-02  1.52360974e-03
  4.30210531e-02  3.56705450e-02 -2.12510638e-02  5.88823259e-02
  4.49031778e-02 -2.91325320e-02 -1.80524979e-02 -7.79625177e-02
 -2.53725406e-02  1.86098218e-02 -5.09276502e-02 -6.73410738e-33
  3.79103161e-02 -1.84916295e-02 -1.37265725e-02  3.11895250e-03
 -3.10489573e-02 -4.10213470e-02  1.06611094e-02  2.84545007e-03
  1.82554417e-03  1.25813708e-02 -1.79665927e-02  7.32052047e-03
  2.72401627e-02  3.70284580e-02 -4.79700509e-03  4.09378521e-02
  1.42005766e-02 -6.35789335e-03 -1.96431242e-02  5.05934469e-04
  9.99270752e-03 -6.71175402e-03  5.12061222e-03 -1.07475698e-01
  4.10156734e-02  1.74875278e-02 -5.45303896e-02  3.94117497e-02
 -7.26285437e-03  4.21640202e-02  5.31224301e-03  9.00306273e-03
  1.79395801e-03  2.09979061e-02  2.95450501e-02 -3.01931463e-02
 -1.13084996e-02  3.29816863e-02  6.33527804e-03  2.40547527e-02
 -3.41427177e-02 -1.85341425e-02  2.08370034e-02 -7.07660317e-02
  2.83377767e-02  1.76050831e-02  4.18627113e-02 -5.79411304e-03
  1.31297829e-02 -3.32734846e-02 -2.65173726e-02 -2.25716643e-02
 -5.79861477e-02 -1.50794499e-02  3.07255350e-02  3.88232023e-02
  8.21746653e-04 -2.69645080e-02 -6.05818592e-02  1.40061723e-02
 -9.48929712e-02 -3.49913910e-02  1.45838708e-02 -3.79437320e-02
  4.70896543e-04  6.92042857e-02  5.57481237e-02  1.14930077e-02
 -1.58616547e-02 -1.26836738e-02 -3.09584644e-02  7.37395063e-02
 -5.13677159e-03  4.52468880e-02 -6.61639720e-02 -5.07268272e-02
 -5.36551140e-02  5.51581569e-02  3.53194326e-02  6.21756278e-02
 -1.20340390e-02  6.85217045e-03 -1.30325947e-02  1.99063774e-02
  2.52786893e-02 -9.72799659e-02 -6.29067644e-02 -2.54116040e-02
  2.37550195e-02  1.44023411e-02 -3.32825631e-02 -3.86477867e-03
 -3.26524093e-03 -2.24193018e-02  8.22674036e-02 -1.07259396e-02
  5.48880585e-02 -2.74541751e-02 -1.13658840e-02 -2.19370648e-02
  4.60254624e-02  9.60745476e-03  3.87344360e-02 -6.07857946e-03
  6.45611137e-02 -1.23560503e-02  1.65274311e-02  1.50884977e-02
 -3.02883051e-02  9.50783305e-03  1.40789812e-02  1.60683971e-02
  3.31899263e-02 -2.69035948e-03  3.93337384e-03 -3.61621305e-02
  2.37164591e-02  2.58654840e-02 -6.02791319e-03  3.87783796e-02
 -1.27467467e-02 -1.91008244e-02 -1.04759028e-02  5.70493145e-03
 -4.73899208e-02  1.10027837e-02  1.94269009e-02 -1.56119680e-02
 -9.44551732e-03 -2.96692457e-02  5.63701848e-03  1.27700297e-02
  3.12538674e-07 -4.67306301e-02  5.76582085e-03 -7.08150724e-03
  1.58336498e-02  3.36737819e-02 -4.96226596e-03 -1.90443546e-02
  3.71881314e-02 -5.20344004e-02 -7.42380042e-03  8.46286956e-03
  8.83547217e-03 -1.16534177e-02 -2.11432930e-02 -1.43571356e-02
 -5.39831184e-02 -6.81012962e-03 -1.95022430e-02 -2.25136727e-02
  2.04538964e-02  8.66156071e-02  2.44981572e-02  3.66418138e-02
 -2.63892617e-02  1.70819946e-02 -8.22919142e-03 -7.67932693e-03
  2.24745274e-02  3.03579494e-02 -3.45013924e-02  5.82375117e-02
 -5.14347032e-02  1.41323498e-02  4.97434586e-02 -6.99059246e-03
 -1.15265120e-02  1.73287615e-02  7.42736012e-02 -4.11885865e-02
  1.44698462e-02  2.15116329e-02  3.64478789e-02  1.78761613e-02
 -1.39193563e-02  6.94327354e-02  6.23937789e-03  1.14840921e-02
 -2.89458260e-02 -5.86085916e-02  8.85622390e-03  9.22787189e-03
  3.22142094e-02  1.44612715e-02  1.00968238e-02  2.64626816e-02
  9.44508798e-03  2.61063688e-03 -1.84006598e-02  4.38843444e-02
 -6.71574147e-03 -2.13697366e-02 -4.08277428e-03  5.59971370e-02
 -2.84135062e-02  4.50388193e-02 -3.91808935e-02 -2.10657455e-02
  2.54207243e-34  1.01581784e-02 -1.43126138e-02 -1.96718033e-02
 -2.28344612e-02  7.94060007e-02 -5.63909523e-02 -4.82142456e-02
 -3.14879417e-02  1.41958725e-02 -1.39974374e-02 -5.83494455e-02]"
